infection_type,cases,cases_low,cases_high,deaths,deaths_low,deaths_high,dalys,dalys_low,dalys_high,yll,yll_low,yll_high,yld,yld_low,yld_high,hais_per_100k,hais_low_100k,hais_high_100k,deaths_per_100k,deaths_low_100k,deaths_high_100k,dalys_per_100k,dalys_low_100k,dalys_high_100k
HAP,106586,83618,137476,3968,1107,8164,69508,34042,117232,41306,11475,84483,27539,16528,42824,132.0,103.52977863837297,170.21287100969843,4.9,1.3706075839254572,10.1080761654629,86.1,42.14834992953064,145.14820982723506
SSI,93222,75369,114241,2328,1888,2882,28842,23313,35303,28376,22983,34714,452,352,580,115.4,93.31646160151561,141.44496928204893,2.9,2.3375854728557033,3.56828460422147,35.7,28.86447570375265,43.70962920986487
BSI,26976,16520,42252,3905,2004,6987,58350,30940,104227,49578,25499,90816,8787,4463,16609,33.4,20.453872887487403,52.313379978336414,4.8,2.481208309111668,8.650799628624362,72.2,38.307677187582335,129.04635650388315
UTI,214150,175086,253524,3664,1462,7533,66701,27890,128543,44871,18043,92915,20243,8095,40522,265.1,216.77886128199873,313.8951374048036,4.5,1.81014298798466,9.326817461346405,82.6,34.53138709636947,159.1526744900904
CDI,36002,25108,49934,1917,112,4547,20890,2023,49443,19937,1166,47973,977,172,2125,44.6,31.08691528202383,61.82467849659781,2.4,0.13867032466093154,5.629767555654069,25.9,2.504732739188076,61.216757698307475
All,478222,421350,537787,16245,10863,22756,248920,178693,336239,190245,131301,264573,59076,40263,84578,592.1,521.685190141817,665.8490882895392,20.1,13.4497833642116,28.17483846414427,308.2,221.24478861281997,416.3068865505978
